{"RuleTriggered": 7, "Violations": 7, "Details": {"algo-1": {"cpu": {"p25": 35.3725, "p50": 39.0425, "p75": 50.965, "p95": 81.70749999999998, "upper": 74.35375, "lower": 11.98375}, "gpu0": {"p25": 0.0, "p50": 0.0, "p75": 0.0, "p95": 42.049999999999955, "upper": 0.0, "lower": 0.0}, "gpu0_memory": {"p25": 0.0, "p50": 0.0, "p75": 0.0, "p95": 37.0, "upper": 0.0, "lower": 0.0}}, "last_timestamp": 1644772680000000}, "Datapoints": 1759, "RuleParameters": "cpu_threshold_p95:70\ngpu_threshold_p95:70\ngpu_memory_threshold_p95:70\npatience:1000\nwindow:500"}