{"RuleTriggered": 1, "Violations": 3, "Details": {"pin_memory": false, "num_workers": 0, "cores": 4, "dataloaders": 1, "dataloading_time": {"p25": 3.886224, "p50": 4.259877, "p95": 4.656677, "probs": [1, 0, 0, 0, 0, 0, 0, 0, 0, 0, 0, 0, 1, 2, 0, 0, 0, 0, 0, 0, 0, 1, 0, 0, 0, 0, 0, 0, 0, 0, 0, 1, 1, 0, 0, 1, 0, 0, 0, 0, 0, 1, 0, 0, 0, 0, 0, 0, 1, 0, 0, 0, 0, 0, 0, 0, 0, 0, 1, 2, 1, 0, 0, 0, 0, 0, 0, 0, 2, 0, 2, 0, 0, 0, 1, 0, 0, 0, 0, 0, 0, 0, 0, 0, 0, 1, 0, 0, 0, 0, 0, 0, 0, 0, 0, 0, 0, 0, 0, 1], "binedges": [3.427846, 3.44217986, 3.4565137200000002, 3.47084758, 3.4851814400000003, 3.4995153, 3.5138491600000004, 3.52818302, 3.54251688, 3.5568507400000002, 3.5711846, 3.5855184600000003, 3.59985232, 3.6141861800000004, 3.62852004, 3.6428539, 3.6571877600000002, 3.67152162, 3.6858554800000003, 3.70018934, 3.7145232000000004, 3.72885706, 3.74319092, 3.7575247800000002, 3.77185864, 3.7861925000000003, 3.80052636, 3.8148602200000004, 3.82919408, 3.8435279400000004, 3.8578618000000002, 3.87219566, 3.8865295200000003, 3.90086338, 3.9151972400000004, 3.9295311, 3.94386496, 3.9581988200000002, 3.97253268, 3.9868665400000003, 4.0012004, 4.01553426, 4.02986812, 4.04420198, 4.05853584, 4.0728697, 4.08720356, 4.1015374200000005, 4.11587128, 4.13020514, 4.144539, 4.158872860000001, 4.1732067200000005, 4.18754058, 4.20187444, 4.2162083, 4.230542160000001, 4.24487602, 4.25920988, 4.27354374, 4.2878776, 4.3022114600000005, 4.31654532, 4.33087918, 4.34521304, 4.3595469, 4.3738807600000005, 4.38821462, 4.40254848, 4.41688234, 4.4312162, 4.44555006, 4.45988392, 4.47421778, 4.488551640000001, 4.5028855, 4.51721936, 4.53155322, 4.54588708, 4.560220940000001, 4.5745548000000005, 4.58888866, 4.60322252, 4.61755638, 4.631890240000001, 4.6462241, 4.66055796, 4.67489182, 4.68922568, 4.7035595400000005, 4.7178934, 4.73222726, 4.74656112, 4.76089498, 4.7752288400000005, 4.7895627, 4.80389656, 4.81823042, 4.83256428, 4.84689814, 4.861232]}}, "Datapoints": 21, "RuleParameters": "min_threshold:70\nmax_threshold:200"}