{"RuleTriggered": 1, "Violations": 1, "Details": {"pin_memory": false, "num_workers": 0, "cores": 4, "dataloaders": 1, "dataloading_time": {"p25": 1.52973425, "p50": 1.6642175, "p95": 2.0538920500000004, "probs": [1, 0, 0, 0, 1, 0, 0, 0, 0, 0, 1, 0, 0, 0, 0, 0, 0, 1, 0, 1, 0, 0, 1, 0, 0, 0, 1, 0, 0, 0, 0, 1, 0, 0, 0, 1, 0, 1, 0, 0, 1, 0, 0, 1, 0, 0, 1, 0, 0, 0, 0, 0, 0, 0, 0, 0, 0, 1, 0, 0, 0, 2, 0, 0, 0, 0, 0, 0, 0, 0, 0, 0, 0, 0, 0, 0, 0, 0, 0, 0, 1, 0, 0, 1, 0, 0, 0, 1, 0, 0, 0, 0, 0, 0, 0, 0, 0, 0, 0, 1], "binedges": [1.355008, 1.36295141, 1.37089482, 1.37883823, 1.38678164, 1.39472505, 1.40266846, 1.4106118699999999, 1.41855528, 1.42649869, 1.4344421, 1.44238551, 1.45032892, 1.45827233, 1.46621574, 1.47415915, 1.48210256, 1.49004597, 1.49798938, 1.50593279, 1.5138762, 1.52181961, 1.5297630199999999, 1.53770643, 1.54564984, 1.55359325, 1.56153666, 1.56948007, 1.57742348, 1.58536689, 1.5933103, 1.60125371, 1.60919712, 1.61714053, 1.6250839400000001, 1.6330273499999999, 1.64097076, 1.6489141699999998, 1.65685758, 1.66480099, 1.6727444, 1.68068781, 1.68863122, 1.69657463, 1.70451804, 1.71246145, 1.72040486, 1.72834827, 1.73629168, 1.74423509, 1.7521784999999999, 1.76012191, 1.76806532, 1.77600873, 1.78395214, 1.79189555, 1.79983896, 1.80778237, 1.81572578, 1.82366919, 1.8316126, 1.83955601, 1.84749942, 1.8554428299999999, 1.86338624, 1.8713296499999998, 1.87927306, 1.8872164699999998, 1.89515988, 1.90310329, 1.9110467, 1.91899011, 1.92693352, 1.93487693, 1.94282034, 1.9507637500000001, 1.95870716, 1.96665057, 1.9745939799999999, 1.98253739, 1.9904807999999998, 1.99842421, 2.00636762, 2.01431103, 2.02225444, 2.03019785, 2.0381412599999997, 2.04608467, 2.05402808, 2.06197149, 2.0699149, 2.07785831, 2.08580172, 2.09374513, 2.10168854, 2.10963195, 2.11757536, 2.1255187700000002, 2.13346218, 2.1414055899999997, 2.149349]}}, "Datapoints": 20, "RuleParameters": "min_threshold:70\nmax_threshold:200"}