{"RuleTriggered": 0, "Violations": 124, "Details": {"low_gpu_utilization": 1572, "bottlenecks": {"1644772726.271048": {"GPUs": 1, "CPUs": 1}, "1644772753.271059": {"GPUs": 1, "CPUs": 3}, "1644772753.77107": {"GPUs": 1, "CPUs": 3}, "1644772754.271087": {"GPUs": 1, "CPUs": 2}, "1644772759.771082": {"GPUs": 1, "CPUs": 1}, "1644772760.271047": {"GPUs": 1, "CPUs": 2}, "1644772760.771065": {"GPUs": 1, "CPUs": 2}, "1644772761.271045": {"GPUs": 1, "CPUs": 2}, "1644772761.771053": {"GPUs": 1, "CPUs": 2}, "1644772762.271091": {"GPUs": 1, "CPUs": 2}, "1644772779.771085": {"GPUs": 1, "CPUs": 3}, "1644772780.271064": {"GPUs": 1, "CPUs": 3}, "1644772780.771045": {"GPUs": 1, "CPUs": 3}, "1644772781.271059": {"GPUs": 1, "CPUs": 4}, "1644772781.771055": {"GPUs": 1, "CPUs": 3}, "1644772782.271107": {"GPUs": 1, "CPUs": 2}, "1644772782.771052": {"GPUs": 1, "CPUs": 3}, "1644772783.271055": {"GPUs": 1, "CPUs": 3}, "1644772783.77106": {"GPUs": 1, "CPUs": 3}, "1644772784.271091": {"GPUs": 1, "CPUs": 3}, "1644772784.77105": {"GPUs": 1, "CPUs": 3}, "1644772785.271064": {"GPUs": 1, "CPUs": 3}, "1644772792.271052": {"GPUs": 1, "CPUs": 1}, "1644772792.771065": {"GPUs": 1, "CPUs": 1}, "1644772793.271061": {"GPUs": 1, "CPUs": 1}, "1644772793.77106": {"GPUs": 1, "CPUs": 1}, "1644772794.271062": {"GPUs": 1, "CPUs": 2}, "1644772794.771212": {"GPUs": 1, "CPUs": 1}, "1644772798.271054": {"GPUs": 1, "CPUs": 2}, "1644772798.771075": {"GPUs": 1, "CPUs": 2}, "1644772799.271055": {"GPUs": 1, "CPUs": 3}, "1644772799.771071": {"GPUs": 1, "CPUs": 1}, "1644772800.271049": {"GPUs": 1, "CPUs": 2}, "1644772800.771073": {"GPUs": 1, "CPUs": 3}, "1644772801.271082": {"GPUs": 1, "CPUs": 4}, "1644772801.771051": {"GPUs": 1, "CPUs": 3}, "1644772802.271049": {"GPUs": 1, "CPUs": 4}, "1644772802.771054": {"GPUs": 1, "CPUs": 3}, "1644772803.271064": {"GPUs": 1, "CPUs": 3}, "1644772803.771046": {"GPUs": 1, "CPUs": 3}, "1644772804.271066": {"GPUs": 1, "CPUs": 3}, "1644772804.771065": {"GPUs": 1, "CPUs": 3}, "1644772805.271082": {"GPUs": 1, "CPUs": 1}, "1644772811.771056": {"GPUs": 1, "CPUs": 1}, "1644772812.271085": {"GPUs": 1, "CPUs": 2}, "1644772812.771053": {"GPUs": 1, "CPUs": 1}, "1644772813.271062": {"GPUs": 1, "CPUs": 2}, "1644772813.771061": {"GPUs": 1, "CPUs": 3}, "1644772814.27106": {"GPUs": 1, "CPUs": 2}, "1644772814.771068": {"GPUs": 1, "CPUs": 1}, "1644772824.271051": {"GPUs": 1, "CPUs": 2}, "1644772824.771061": {"GPUs": 1, "CPUs": 2}, "1644772825.271101": {"GPUs": 1, "CPUs": 2}, "1644772831.271093": {"GPUs": 1, "CPUs": 1}, "1644772831.771048": {"GPUs": 1, "CPUs": 1}, "1644772832.271061": {"GPUs": 1, "CPUs": 2}, "1644772832.771065": {"GPUs": 1, "CPUs": 2}, "1644772833.271063": {"GPUs": 1, "CPUs": 2}, "1644772833.771061": {"GPUs": 1, "CPUs": 2}, "1644772834.271085": {"GPUs": 1, "CPUs": 2}, "1644772834.771074": {"GPUs": 1, "CPUs": 2}, "1644772835.271053": {"GPUs": 1, "CPUs": 1}, "1644772835.771066": {"GPUs": 1, "CPUs": 2}, "1644772836.271079": {"GPUs": 1, "CPUs": 2}, "1644772836.771052": {"GPUs": 1, "CPUs": 1}, "1644772837.271067": {"GPUs": 1, "CPUs": 1}, "1644772844.27105": {"GPUs": 1, "CPUs": 1}, "1644772844.771065": {"GPUs": 1, "CPUs": 2}, "1644772845.271073": {"GPUs": 1, "CPUs": 1}, "1644772845.77109": {"GPUs": 1, "CPUs": 1}, "1644772846.271053": {"GPUs": 1, "CPUs": 2}, "1644772846.771064": {"GPUs": 1, "CPUs": 2}, "1644772849.771089": {"GPUs": 1, "CPUs": 2}, "1644772850.271039": {"GPUs": 1, "CPUs": 2}, "1644772850.771062": {"GPUs": 1, "CPUs": 2}, "1644772851.271058": {"GPUs": 1, "CPUs": 1}, "1644772851.77106": {"GPUs": 1, "CPUs": 2}, "1644772852.271063": {"GPUs": 1, "CPUs": 2}, "1644772856.271078": {"GPUs": 1, "CPUs": 2}, "1644772863.271087": {"GPUs": 1, "CPUs": 2}, "1644772874.771052": {"GPUs": 1, "CPUs": 1}, "1644772875.27108": {"GPUs": 1, "CPUs": 1}, "1644772875.771054": {"GPUs": 1, "CPUs": 1}, "1644772876.77106": {"GPUs": 1, "CPUs": 2}, "1644772877.271075": {"GPUs": 1, "CPUs": 1}, "1644772877.771067": {"GPUs": 1, "CPUs": 2}, "1644772878.271055": {"GPUs": 1, "CPUs": 1}, "1644772878.77106": {"GPUs": 1, "CPUs": 3}, "1644772879.271076": {"GPUs": 1, "CPUs": 2}, "1644772879.771051": {"GPUs": 1, "CPUs": 2}, "1644772880.271061": {"GPUs": 1, "CPUs": 2}, "1644772880.771063": {"GPUs": 1, "CPUs": 2}, "1644772881.271069": {"GPUs": 1, "CPUs": 2}, "1644772881.771053": {"GPUs": 1, "CPUs": 2}, "1644772882.271062": {"GPUs": 1, "CPUs": 3}, "1644772882.771064": {"GPUs": 1, "CPUs": 2}, "1644772883.271064": {"GPUs": 1, "CPUs": 1}, "1644772883.771059": {"GPUs": 1, "CPUs": 1}, "1644772884.271065": {"GPUs": 1, "CPUs": 1}, "1644772884.771067": {"GPUs": 1, "CPUs": 2}, "1644772892.271069": {"GPUs": 1, "CPUs": 2}, "1644772892.771066": {"GPUs": 1, "CPUs": 1}, "1644772893.27107": {"GPUs": 1, "CPUs": 1}, "1644772893.771085": {"GPUs": 1, "CPUs": 1}, "1644772894.271055": {"GPUs": 1, "CPUs": 1}, "1644772894.771065": {"GPUs": 1, "CPUs": 2}, "1644772895.271061": {"GPUs": 1, "CPUs": 3}, "1644772895.771059": {"GPUs": 1, "CPUs": 2}, "1644772899.271064": {"GPUs": 1, "CPUs": 1}, "1644772899.771074": {"GPUs": 1, "CPUs": 3}, "1644772900.271044": {"GPUs": 1, "CPUs": 1}, "1644772902.771055": {"GPUs": 1, "CPUs": 2}, "1644772903.271069": {"GPUs": 1, "CPUs": 2}, "1644772903.77109": {"GPUs": 1, "CPUs": 2}, "1644772906.271058": {"GPUs": 1, "CPUs": 2}, "1644772907.771052": {"GPUs": 1, "CPUs": 1}, "1644772912.77106": {"GPUs": 1, "CPUs": 1}, "1644772921.271061": {"GPUs": 1, "CPUs": 1}, "1644772922.771061": {"GPUs": 1, "CPUs": 1}, "1644772928.271069": {"GPUs": 1, "CPUs": 1}, "1644772929.271067": {"GPUs": 1, "CPUs": 1}, "1644772930.771076": {"GPUs": 1, "CPUs": 1}, "1644772932.271069": {"GPUs": 1, "CPUs": 1}, "1644772932.771084": {"GPUs": 1, "CPUs": 1}}}, "Datapoints": 1768, "RuleParameters": "threshold:50\nio_threshold:50\ngpu_threshold:10\npatience:1000"}