{"RuleTriggered": 0, "Violations": 92, "Details": {"low_gpu_utilization": 2066, "bottlenecks": {"1644426001.959502": {"GPUs": 1, "CPUs": 1}, "1644426051.9595": {"GPUs": 1, "CPUs": 1}, "1644426052.45952": {"GPUs": 1, "CPUs": 1}, "1644426052.959591": {"GPUs": 1, "CPUs": 1}, "1644426053.459547": {"GPUs": 1, "CPUs": 1}, "1644426053.959515": {"GPUs": 1, "CPUs": 1}, "1644426054.959665": {"GPUs": 1, "CPUs": 1}, "1644426085.459491": {"GPUs": 1, "CPUs": 2}, "1644426085.963006": {"GPUs": 1, "CPUs": 1}, "1644426086.463623": {"GPUs": 1, "CPUs": 1}, "1644426086.959505": {"GPUs": 1, "CPUs": 3}, "1644426087.460296": {"GPUs": 1, "CPUs": 1}, "1644426087.959533": {"GPUs": 1, "CPUs": 2}, "1644426088.459522": {"GPUs": 1, "CPUs": 2}, "1644426088.959582": {"GPUs": 1, "CPUs": 2}, "1644426089.459493": {"GPUs": 1, "CPUs": 1}, "1644426089.960322": {"GPUs": 1, "CPUs": 2}, "1644426090.459551": {"GPUs": 1, "CPUs": 2}, "1644426090.963271": {"GPUs": 1, "CPUs": 2}, "1644426099.459522": {"GPUs": 1, "CPUs": 1}, "1644426100.459524": {"GPUs": 1, "CPUs": 1}, "1644426102.960222": {"GPUs": 1, "CPUs": 1}, "1644426103.4595": {"GPUs": 1, "CPUs": 1}, "1644426103.959503": {"GPUs": 1, "CPUs": 1}, "1644426104.460229": {"GPUs": 1, "CPUs": 1}, "1644426105.459506": {"GPUs": 1, "CPUs": 1}, "1644426105.959504": {"GPUs": 1, "CPUs": 1}, "1644426106.959507": {"GPUs": 1, "CPUs": 2}, "1644426114.459503": {"GPUs": 1, "CPUs": 1}, "1644426115.959498": {"GPUs": 1, "CPUs": 1}, "1644426116.460059": {"GPUs": 1, "CPUs": 1}, "1644426134.959512": {"GPUs": 1, "CPUs": 1}, "1644426135.960253": {"GPUs": 1, "CPUs": 1}, "1644426136.459535": {"GPUs": 1, "CPUs": 2}, "1644426136.959504": {"GPUs": 1, "CPUs": 1}, "1644426137.459557": {"GPUs": 1, "CPUs": 1}, "1644426137.959518": {"GPUs": 1, "CPUs": 2}, "1644426138.459499": {"GPUs": 1, "CPUs": 2}, "1644426138.959489": {"GPUs": 1, "CPUs": 2}, "1644426139.459531": {"GPUs": 1, "CPUs": 2}, "1644426139.959512": {"GPUs": 1, "CPUs": 2}, "1644426140.459522": {"GPUs": 1, "CPUs": 2}, "1644426140.95952": {"GPUs": 1, "CPUs": 2}, "1644426141.4595": {"GPUs": 1, "CPUs": 1}, "1644426142.460266": {"GPUs": 1, "CPUs": 1}, "1644426149.459494": {"GPUs": 1, "CPUs": 2}, "1644426149.959536": {"GPUs": 1, "CPUs": 1}, "1644426150.459501": {"GPUs": 1, "CPUs": 1}, "1644426150.959501": {"GPUs": 1, "CPUs": 1}, "1644426155.459525": {"GPUs": 1, "CPUs": 1}, "1644426156.459882": {"GPUs": 1, "CPUs": 1}, "1644426156.959494": {"GPUs": 1, "CPUs": 2}, "1644426157.459512": {"GPUs": 1, "CPUs": 2}, "1644426157.959548": {"GPUs": 1, "CPUs": 2}, "1644426158.459489": {"GPUs": 1, "CPUs": 2}, "1644426162.46014": {"GPUs": 1, "CPUs": 1}, "1644426162.96022": {"GPUs": 1, "CPUs": 1}, "1644426169.959493": {"GPUs": 1, "CPUs": 1}, "1644426170.459503": {"GPUs": 1, "CPUs": 1}, "1644426170.959517": {"GPUs": 1, "CPUs": 1}, "1644426185.959514": {"GPUs": 1, "CPUs": 2}, "1644426186.45951": {"GPUs": 1, "CPUs": 2}, "1644426186.959524": {"GPUs": 1, "CPUs": 2}, "1644426187.459509": {"GPUs": 1, "CPUs": 1}, "1644426187.959659": {"GPUs": 1, "CPUs": 1}, "1644426188.459519": {"GPUs": 1, "CPUs": 2}, "1644426188.960085": {"GPUs": 1, "CPUs": 1}, "1644426189.459516": {"GPUs": 1, "CPUs": 2}, "1644426189.959511": {"GPUs": 1, "CPUs": 1}, "1644426190.459498": {"GPUs": 1, "CPUs": 2}, "1644426190.959523": {"GPUs": 1, "CPUs": 1}, "1644426191.45956": {"GPUs": 1, "CPUs": 1}, "1644426191.959539": {"GPUs": 1, "CPUs": 1}, "1644426192.459523": {"GPUs": 1, "CPUs": 1}, "1644426192.959496": {"GPUs": 1, "CPUs": 1}, "1644426193.459512": {"GPUs": 1, "CPUs": 1}, "1644426193.959494": {"GPUs": 1, "CPUs": 2}, "1644426194.459506": {"GPUs": 1, "CPUs": 2}, "1644426194.959505": {"GPUs": 1, "CPUs": 2}, "1644426195.459686": {"GPUs": 1, "CPUs": 2}, "1644426201.46328": {"GPUs": 1, "CPUs": 2}, "1644426203.959529": {"GPUs": 1, "CPUs": 1}, "1644426204.45951": {"GPUs": 1, "CPUs": 1}, "1644426204.959523": {"GPUs": 1, "CPUs": 2}, "1644426205.459507": {"GPUs": 1, "CPUs": 1}, "1644426205.959524": {"GPUs": 1, "CPUs": 2}, "1644426206.459505": {"GPUs": 1, "CPUs": 1}, "1644426207.459493": {"GPUs": 1, "CPUs": 1}, "1644426211.959502": {"GPUs": 1, "CPUs": 1}, "1644426212.459503": {"GPUs": 1, "CPUs": 1}, "1644426217.959502": {"GPUs": 1, "CPUs": 1}, "1644426239.95951": {"GPUs": 1, "CPUs": 1}}}, "Datapoints": 2312, "RuleParameters": "threshold:50\nio_threshold:50\ngpu_threshold:10\npatience:1000"}