{"RuleTriggered": 7, "Violations": 7, "Details": {"algo-1": {"gpu0": {"gpu_max": 56.0, "gpu_95": 50.09999999999991, "gpu_5": 0.0, "p25": 0.0, "p50": 0.0, "p75": 0.0, "p95": 42.049999999999955, "upper": 0.0, "lower": 0.0}}, "last_timestamp": 1644773520000000}, "Datapoints": 1760, "RuleParameters": "threshold_p95:70\nthreshold_p5:10\nwindow:500\npatience:1000"}