{"RuleTriggered": 0, "Violations": 0, "Details": {"step_num": {"first": 1644426245706745, "last": 1644427128386717}, "job_start": 1644425997.959533, "job_end": 1644427139.960227}, "Datapoints": 191, "RuleParameters": "threshold:20"}