{"RuleTriggered": 0, "Violations": 0, "Details": {"step_num": {"first": 1644772926516828, "last": 1644773578362649}, "job_start": 1644772700.270962, "job_end": 1644773579.772112}, "Datapoints": 364, "RuleParameters": "threshold:20"}