{"RuleTriggered": 0, "Violations": 0, "Details": {"ratio": {"gpu_functions-dev:0": 51.0928750261825, "cpu_functions": 48.9071249738175}, "phase": {"Step:ModeKeys.TRAIN": 22.238754681063675, "others": 75.14396496779166, "Step:ModeKeys.EVAL": 1.3736244139071283, "Step:ModeKeys.PREDICT": 1.2436559372375313}, "phase_time": {}, "CPU": {"aten::conv2d": 11.293202289700302, "aten::convolution": 11.286593502858606, "aten::_convolution": 11.281292220279825, "aten::cudnn_convolution": 11.273037054321758, "aten::to": 2.4547832592797243, "aten::copy_": 2.905354464114797, "enumerate(DataLoader)#_SingleProcessDataLoaderIter.__next__": 49.50573720944499}, "CPU_total": {"aten::conv2d": 7764861, "aten::convolution": 7760317, "aten::_convolution": 7756672, "aten::cudnn_convolution": 7750996, "aten::to": 1687834, "aten::copy_": 1997633, "enumerate(DataLoader)#_SingleProcessDataLoaderIter.__next__": 34038633}, "GPU": {"aten::conv2d": 12.514837427105958, "aten::convolution": 12.512579049830515, "aten::_convolution": 12.510555019301384, "aten::cudnn_convolution": 12.507632659578066, "aten::copy_": 2.4740111550725152, "enumerate(DataLoader)#_SingleProcessDataLoaderIter.__next__": 47.48038468911155}, "GPU_total": {"aten::conv2d": 8971717, "aten::convolution": 8970098, "aten::_convolution": 8968647, "aten::cudnn_convolution": 8966552, "aten::copy_": 1773585, "enumerate(DataLoader)#_SingleProcessDataLoaderIter.__next__": 34038043}, "general": {"DataLoaderIterInitialize": 0.0025829288785579837, "DataLoaderIter": 26.927789654134255, "Forward": 73.06962741698719}}, "Datapoints": 0, "RuleParameters": ""}