{"RuleTriggered": 0, "Violations": 0, "Details": {"ratio": {"gpu_functions-dev:0": 51.76999447625609, "cpu_functions": 48.23000552374391}, "phase": {"Step:ModeKeys.TRAIN": 32.65448105969486, "others": 58.65610707588726, "Step:ModeKeys.EVAL": 5.810313972967762, "Step:ModeKeys.PREDICT": 2.879097891450106}, "phase_time": {}, "CPU": {"aten::conv2d": 6.459135582926725, "aten::convolution": 6.4507362240612185, "aten::_convolution": 6.378838645936602, "aten::cudnn_convolution": 6.368479888490492, "aten::to": 4.208436483519628, "aten::copy_": 4.8879735323054145, "enumerate(DataLoader)#_SingleProcessDataLoaderIter.__next__": 65.24639964275993}, "CPU_total": {"aten::conv2d": 8577464, "aten::convolution": 8566310, "aten::_convolution": 8470833, "aten::cudnn_convolution": 8457077, "aten::to": 5588629, "aten::copy_": 6491026, "enumerate(DataLoader)#_SingleProcessDataLoaderIter.__next__": 86644511}, "GPU": {"aten::conv2d": 8.590930742364481, "aten::convolution": 8.58875420859277, "aten::_convolution": 8.586762035267748, "aten::cudnn_convolution": 8.584143846799575, "aten::to": 3.259495398704283, "aten::copy_": 3.8782543037612536, "enumerate(DataLoader)#_SingleProcessDataLoaderIter.__next__": 58.51165946450988}, "GPU_total": {"aten::conv2d": 12721406, "aten::convolution": 12718183, "aten::_convolution": 12715233, "aten::cudnn_convolution": 12711356, "aten::to": 4826644, "aten::copy_": 5742899, "enumerate(DataLoader)#_SingleProcessDataLoaderIter.__next__": 86643764}, "general": {"DataLoaderIterInitialize": 0.0013647997346368111, "DataLoaderIter": 25.905277503738333, "Forward": 74.09335769652702}}, "Datapoints": 0, "RuleParameters": ""}