{"RuleTriggered": 0, "Violations": 0, "Details": {"step_details": {"algo-1-26": {"step_stats": {"mean": 1.1873629939393937, "max": 26.325428, "p99": 7.841459319999999, "p95": 7.6183526, "p50": 0.020341, "min": 0.012427}, "number_of_outliers": 1, "phase": "Step:ModeKeys.TRAIN", "stddev": 3.2, "probs": [141, 0, 0, 0, 0, 0, 0, 0, 0, 0, 0, 0, 0, 0, 0, 0, 0, 0, 0, 0, 0, 0, 0, 0, 0, 0, 0, 0, 0, 0, 0, 0, 0, 0, 0, 0, 0, 0, 0, 0, 0, 0, 0, 1, 0, 0, 0, 0, 0, 0, 0, 0, 0, 0, 0, 0, 0, 0, 0, 0, 0, 0, 0, 0, 0, 0, 0, 0, 0, 0, 0, 0, 0, 0, 0, 0, 0, 0, 0, 0, 0, 0, 0, 0, 0, 2, 0, 0, 0, 0, 4, 1, 0, 2, 1, 3, 3, 3, 1, 2], "binedges": [0.012427, 0.09112780000000001, 0.1698286, 0.24852939999999998, 0.3272302, 0.40593100000000004, 0.4846318, 0.5633326, 0.6420334, 0.7207342, 0.799435, 0.8781358, 0.9568365999999999, 1.0355374, 1.1142382, 1.192939, 1.2716398, 1.3503406, 1.4290414, 1.5077422, 1.586443, 1.6651438, 1.7438446, 1.8225454, 1.9012461999999999, 1.979947, 2.0586478, 2.1373486, 2.2160494, 2.2947502, 2.373451, 2.4521518, 2.5308526000000002, 2.6095534000000002, 2.6882542000000003, 2.7669550000000003, 2.8456558000000003, 2.9243566000000003, 3.0030574000000003, 3.0817582000000003, 3.1604590000000004, 3.2391598000000004, 3.3178606000000004, 3.3965614000000004, 3.4752622000000004, 3.5539630000000004, 3.6326638000000004, 3.7113646000000005, 3.7900654, 3.8687662, 3.947467, 4.0261678, 4.1048686, 4.1835694, 4.2622702, 4.340971, 4.4196718, 4.4983726, 4.5770734, 4.6557742, 4.734475, 4.8131758, 4.8918766, 4.9705774, 5.0492782, 5.127979, 5.2066798, 5.2853806, 5.3640814, 5.4427822, 5.521483, 5.6001838, 5.6788846, 5.7575854, 5.8362862, 5.914987, 5.9936878, 6.0723886, 6.1510894, 6.2297902, 6.308491, 6.3871918, 6.4658926, 6.5445934, 6.6232942, 6.701995, 6.7806958, 6.8593966, 6.9380974, 7.0167982, 7.095499, 7.1741998, 7.2529006, 7.3316014, 7.4103022, 7.489003, 7.567703799999999, 7.646404599999999, 7.7251053999999995, 7.8038061999999995, 7.882507], "step_numbers": ["0"]}}}, "Datapoints": 191, "RuleParameters": "threshold:3\nmode:None\nn_outliers:10\nstddev:3"}