{"RuleTriggered": 0, "Violations": 0, "Details": {"step_details": {"algo-1-27": {"step_stats": {"mean": 0.2585915799373041, "max": 13.681142, "p99": 3.2051677, "p95": 3.1429204, "p50": 0.010227, "min": 0.008665}, "number_of_outliers": 3, "phase": "Step:ModeKeys.TRAIN", "stddev": 1.09, "probs": [297, 0, 0, 0, 0, 0, 0, 0, 0, 0, 0, 0, 0, 0, 0, 0, 0, 0, 0, 0, 0, 0, 0, 0, 0, 0, 0, 0, 0, 0, 0, 0, 0, 0, 0, 0, 0, 0, 0, 0, 0, 0, 0, 1, 0, 0, 0, 0, 0, 0, 0, 0, 0, 0, 0, 0, 0, 0, 0, 0, 0, 0, 0, 0, 0, 0, 0, 0, 0, 0, 0, 0, 0, 0, 0, 0, 0, 0, 0, 0, 0, 0, 0, 0, 0, 0, 0, 0, 0, 0, 0, 0, 0, 0, 0, 1, 0, 3, 10, 4], "binedges": [0.008665, 0.040632249999999995, 0.0725995, 0.10456674999999999, 0.136534, 0.16850125, 0.20046849999999997, 0.23243574999999997, 0.26440299999999994, 0.29637024999999995, 0.32833749999999995, 0.36030474999999995, 0.3922719999999999, 0.4242392499999999, 0.4562064999999999, 0.4881737499999999, 0.520141, 0.55210825, 0.5840755, 0.61604275, 0.64801, 0.67997725, 0.7119445, 0.74391175, 0.7758789999999999, 0.8078462499999999, 0.8398134999999999, 0.8717807499999999, 0.9037479999999999, 0.9357152499999999, 0.9676824999999999, 0.9996497499999999, 1.0316169999999998, 1.0635842499999997, 1.0955514999999998, 1.1275187499999997, 1.1594859999999998, 1.1914532499999997, 1.2234204999999998, 1.2553877499999997, 1.2873549999999998, 1.3193222499999997, 1.3512894999999998, 1.3832567499999997, 1.4152239999999998, 1.4471912499999997, 1.4791584999999998, 1.5111257499999997, 1.5430929999999996, 1.5750602499999997, 1.6070274999999996, 1.6389947499999997, 1.6709619999999996, 1.7029292499999997, 1.7348964999999996, 1.7668637499999997, 1.7988309999999996, 1.8307982499999997, 1.8627654999999996, 1.8947327499999997, 1.9266999999999996, 1.9586672499999997, 1.9906344999999996, 2.0226017499999998, 2.054569, 2.08653625, 2.1185034999999997, 2.1504707499999998, 2.182438, 2.21440525, 2.2463724999999997, 2.2783397499999998, 2.310307, 2.34227425, 2.3742414999999997, 2.40620875, 2.438176, 2.47014325, 2.5021104999999997, 2.53407775, 2.566045, 2.5980122499999996, 2.6299794999999997, 2.66194675, 2.693914, 2.7258812499999996, 2.7578484999999997, 2.78981575, 2.821783, 2.8537502499999996, 2.8857174999999997, 2.91768475, 2.949652, 2.9816192499999996, 3.0135864999999997, 3.04555375, 3.0775209999999995, 3.1094882499999996, 3.1414554999999997, 3.17342275, 3.20539], "step_numbers": ["0", "1", "2"]}}}, "Datapoints": 364, "RuleParameters": "threshold:3\nmode:None\nn_outliers:10\nstddev:3"}